https://www.youtube.com/watch?v=FbQfE2Oi6Wo,must_be_doin_somethin_right,Billy_currington,country
https://www.youtube.com/watch?v=PKpQRjj_WbU,people_are_crazy,Billy_currington,country
https://www.youtube.com/watch?v=7qzhngp7jh8,remind_me,Brad_paisley,country
https://www.youtube.com/watch?v=JCjXaEbrLdw,shes_everything,Brad_paisley,country
https://www.youtube.com/watch?v=h_u9kc3ts_8,without_a_fight,Brad_paisley,country
https://www.youtube.com/watch?v=7D2ArO7QZys,love_someone,Brett_eldredge,country
https://www.youtube.com/watch?v=7qaHdHpSjX8,in_case_you_didn't_know,Brett_young,country
https://www.youtube.com/watch?v=WaSy8yy-mr8,before_he_cheats,Carrie_underwood,country
https://www.youtube.com/watch?v=GzMJ6DvrXKE,carolina_can,Chase_rice,country
https://www.youtube.com/watch?v=WO8rU4B5gDA,three_chords_and_the_truth,Chase_rice,country
https://www.youtube.com/watch?v=8aUzwbp_NfI,i_don't_know_about_you,Chris_lane,country
https://www.youtube.com/watch?v=1MSL-AQZsQA,all_i_ever_needed,Chris_lane,country
https://www.youtube.com/watch?v=QN5QgYuuxs4,dust,Eli_young_band,country
https://www.youtube.com/watch?v=D-5GnZYxI4M,even_if_it_breaks_your_heart,Eli_young_band,country
https://www.youtube.com/watch?v=sq93t3J4R5c,desperate_man,Eric_church,country
https://www.youtube.com/watch?v=0_CksCHnooM,round_here_buzz,Eric_church,country
https://www.youtube.com/watch?v=pb7BrqMaqdg,youre_in_it,Granger_smith,country
https://www.youtube.com/watch?v=o2YnMPArU-c,dont_tread_on_me,Granger_smith,country
https://www.youtube.com/watch?v=dk-oEkWfd2M,happens_like_that,Granger_smith,country
https://www.youtube.com/watch?v=Ci4H_xjABHI,if_the_boot_fits,Granger_smith,country
https://www.youtube.com/watch?v=tBdahVPD_K0,down_to_the_honkytonk,Jake_owen,country
https://www.youtube.com/watch?v=cYzY2a64Sns,i_was_jack,Jake_owen,country
https://www.youtube.com/watch?v=b3HW2BYxz5Q,the_truth,Jason_aldean,country
https://www.youtube.com/watch?v=zsM8GD2Q4nU,tonight_looks_good_on_you,Jason_aldean,country
https://www.youtube.com/watch?v=jLCHpZ6B1gU,you_make_it_easy,Jason_aldean,country
https://www.youtube.com/watch?v=ukHikH_10CA,homesick,Kane_brown,country
https://www.youtube.com/watch?v=Z8nkc2KKjd8,lose_it,Kane_brown,country
https://www.youtube.com/watch?v=aHl0tlUYDBI,greatest_love_story,Lanco,country
https://www.youtube.com/watch?v=GKOR8TddfcM,angel_eyes,Love_and_theft,country
https://www.youtube.com/watch?v=580SsnoG344,whiskey_on_my_breath,Love_and_theft,country
https://www.youtube.com/watch?v=1WEpLzsdEeY,crash_my_party,Luke_Bryan,country
https://www.youtube.com/watch?v=BixwVsiDdZM,hurricane,Luke_combs,country
https://www.youtube.com/watch?v=Ct9BFr9XBaI,one_number_away,Luke_combs,country
https://www.youtube.com/watch?v=a2a9fgPI_PI,she_got_the_best_of_me,Luke_combs,country
https://www.youtube.com/watch?v=uXyxFMbqKYA,when_it_rains_it_pours,Luke_combs,country
https://www.youtube.com/watch?v=KfDr_7LN-Ew,fly,Maddie_and_tae,country
https://www.youtube.com/watch?v=XGmJMvnDZEg,friends_don't,Maddie_and_tae,country
https://www.youtube.com/watch?v=pbKM-6k2cHg,the_way_i_talk,Morgan_wallen,country
https://www.youtube.com/watch?v=77qc4ZtufzM,up_down,Morgan_wallen,country
https://www.youtube.com/watch?v=FjBp30kjzTc,whiskey_glasses,Morgan_wallen,country
https://www.youtube.com/watch?v=7qH4qyi1-Ys,what_hurts_the_most,Rascal_flatts,country
https://www.youtube.com/watch?v=Qwu-B6gPHKU,yours_if_you_want_it,Rascal_flatts,country
https://www.youtube.com/watch?v=zQS3okHZabY,caught_up_in_the_country,Rodney_atkins,country
https://www.youtube.com/watch?v=qi5nE4cPFAQ,farmers_daughter,Rodney_atkins,country
https://www.youtube.com/watch?v=ppdTjlr5L24,hes_mine,Rodney_atkins,country
https://www.youtube.com/watch?v=2uzK3VwzraM,watching_you,Rodney_atkins,country
https://www.youtube.com/watch?v=ZVq8nEHCKd4,i_love_you_this_big,Scotty_mccreery,country
https://www.youtube.com/watch?v=dFlv4O7VE-A,see_you_tonight,Scotty_mccreery,country
https://www.youtube.com/watch?v=ND-SB3OxP38,the_trouble_with_girls,Scotty_mccreery,country
https://www.youtube.com/watch?v=4JSd4KfG1vo,this_is_it,Scotty_mccreery,country
https://www.youtube.com/watch?v=dphMriny1Js,beer_with_jesus,Thomas_Rhett,country
https://www.youtube.com/watch?v=LWlmVW3xWM4,no_beef,Afrojack,house
https://www.youtube.com/watch?v=q6h0_9Zv7aM,rock_the_house,Afrojack,house
https://www.youtube.com/watch?v=eChdxmjHoMw,the_way_we_see_the_world,afrojack,house
https://www.youtube.com/watch?v=dzHdo4yxidc,turn_up_the_speakers,Afrojack,house
https://www.youtube.com/watch?v=6Xf038zEVvM,another_you,Armin_van_buuren,house
https://www.youtube.com/watch?v=mfJhMfOPWdE,blah_blah,Armin_van_buuren,house
https://www.youtube.com/watch?v=TxvpctgU_s8,in_and_out_of_love,Armin_van_buuren,house
https://www.youtube.com/watch?v=Z8V5GfFeUDs,ping_pong,Armin_van_buuren,house
https://www.youtube.com/watch?v=BR_DFMUzX4E,This_Is_What_It_Feels_Like,Armin_van_buuren,house
https://www.youtube.com/watch?v=Bznxx12Ptl0,im_an_albatraoz,AronChupa,house
https://www.youtube.com/watch?v=ipvEIZMMILA,little_swing,AronChupa,house
https://www.youtube.com/watch?v=YxIiPLVR6NA,hey_brother,Avicii,house
https://www.youtube.com/watch?v=bek1y2uiQGA,i_could_be_the_one,Avicii,house
https://www.youtube.com/watch?v=_ovdm2yX4MA,levels,Avicii,house
https://www.youtube.com/watch?v=kmXEiX_3p_Q,superlove,Avicii,house
https://www.youtube.com/watch?v=UtF6Jej8yb4,the_nights,Avicii,house
https://www.youtube.com/watch?v=IcrbM1l_BoI,wake_me_up,Avicii,house
https://www.youtube.com/watch?v=yl2GaxVGUaI,dreamer,axwell,house
https://www.youtube.com/watch?v=GsF05B8TFWg,more_than_you_know,axwell,house
https://www.youtube.com/watch?v=nbXgHAzUWB0,sun_is_shining,axwell,house
https://www.youtube.com/watch?v=wYV886CcY_U,derp,bassjackers,house
https://www.youtube.com/watch?v=GIk6kSdeIsA,again_and_again,Basto,house
https://www.youtube.com/watch?v=ZKeT3Eoc9_s,switch,Blasterjaxx,house
https://www.youtube.com/watch?v=iqbIT0Uyx0k,breathe,Borgeous,house
https://www.youtube.com/watch?v=Y1_VsyLAGuk,tuesday,Burak_yeter,house
https://www.youtube.com/watch?v=17ozSeGw-fY,sweet_nothing,Calvin_harris,house
https://www.youtube.com/watch?v=yZqmarGShxg,under_control,Calvin_harris,house
https://www.youtube.com/watch?v=LcNXG-6SqWA,cola,Camelphat,house
https://www.youtube.com/watch?v=mp-IZEFqrG0,beam_me_up,Cazzette,house
https://www.youtube.com/watch?v=FHccClTAdzc,she_wants_me_dead,Cazzette,house
https://www.youtube.com/watch?v=PT2_F-1esPk,closer,Chainsmokers,house
https://www.youtube.com/watch?v=kdemFfbS5H0,selfie,Chainsmokers,house
https://www.youtube.com/watch?v=AwBC2epxgJ4,music,Darude,house
https://www.youtube.com/watch?v=y6120QOlsfU,sandstorm,Darude,house
https://www.youtube.com/watch?v=oC-GflRB0y4,bad,David_guetta,house
https://www.youtube.com/watch?v=EVr__5Addjw,dangerous,David_guetta,house
https://www.youtube.com/watch?v=beGjncfEPt8,love_is_gone,David_guetta,house
https://www.youtube.com/watch?v=BPiW0tkWfeg,lovers_on_the_sun,David_guetta,house
https://www.youtube.com/watch?v=NUVCQXMUVnI,memories,David_guetta,house
https://www.youtube.com/watch?v=PVzljDmoPVs,she_wolf,David_guetta,house
https://www.youtube.com/watch?v=VKtTSoC7o2I,your_love,David_guetta,house
https://www.youtube.com/watch?v=lfEVLXu3NXs,house_every_weekend,David_zowie,house
https://www.youtube.com/watch?v=3Qq7kNjg-KY,arcade_mammoth,Dimitri_vegas,house
https://www.youtube.com/watch?v=yldN7geOZfc,body_talk,Dimitri_vegas,house
https://www.youtube.com/watch?v=WEFxFDMuIZo,opa,Dimitri_vegas,house
https://www.youtube.com/watch?v=XVYHt5in2Hw,stampede,Dimitri_vegas,house
https://www.youtube.com/watch?v=exJlapzPnlc,the_hum,Dimitri_vegas,house
https://www.youtube.com/watch?v=9vMh9f41pqE,tremor,Dimitri_vegas,house
https://www.youtube.com/watch?v=bkk2H3Ztrfk,white_noise,Disclosure,house
https://www.youtube.com/watch?v=W46raxKFk2Y,anytime,Don_diablo,house
https://www.youtube.com/watch?v=HL-8bmHkbuo,back_in_time,Don_diablo,house
https://www.youtube.com/watch?v=Oy9V_4im0wg,cutting_shapes,Don_diablo,house
https://www.youtube.com/watch?v=zhqUzmTIJss,i_got_love,Don_diablo,house
https://www.youtube.com/watch?v=r6E3J4GPpjc,on_my_mind,Don_diablo,house
https://www.youtube.com/watch?v=Z7yjP-6Uxe8,origins,Don_diablo,house
https://www.youtube.com/watch?v=FnJIb4A-DuY,need_u,Duke_dumont,house
https://www.youtube.com/watch?v=KDxJlW6cxRk,ocean_drive,Duke_dumont,house
https://www.youtube.com/watch?v=kv_cwzAIOHs,wont_look_back,Duke_dumont,house
https://www.youtube.com/watch?v=xIKoXfvIztg,raveheart,Dvbbs,house
https://www.youtube.com/watch?v=6dYx00KFA_A,raveology,Dvbbs,house
https://www.youtube.com/watch?v=v8rRO3uOzvY,we_were_young,Dvbbs,house
https://www.youtube.com/watch?v=aItOEVYnpHA,alarm,Dzeko_and_torres,house
https://www.youtube.com/watch?v=llfNRGQ7Tlg,pjanoo,Eric_prydz,house
https://www.youtube.com/watch?v=06VLVtmU_KA,space_jungle,eva_shaw,house
https://www.youtube.com/watch?v=10pmPiK8pi8,Put_Your_Hands_Up_for_Detroit,Fedde_Le_Grand,house
https://www.youtube.com/watch?v=dYa6KLLrWoU,no_heroes,Firebeatz,house
https://www.youtube.com/watch?v=w15oWDh02K4,lamour_toujours,Gigi D'Agostino,house
https://www.youtube.com/watch?v=8B93tgRxMuE,ready_for_your_love,Gorgon_city,house
https://www.youtube.com/watch?v=jzy2dgEUOhY,infinity,Guru_josh,house
https://www.youtube.com/watch?v=q8kUckZ15fE,apollo,Hardwell,house
https://www.youtube.com/watch?v=EoYOCxP6yIA,echo,Hardwell,house
https://www.youtube.com/watch?v=ppy-fgbPn2s,spaceman,Hardwell,house
https://www.youtube.com/watch?v=Onu5-Gqhkys,On_Trees_and_Birds_and_Fire,i_am_oak,house
https://www.youtube.com/watch?v=b6vSf0cA9qY,jubel,Klingande,house
https://www.youtube.com/watch?v=2Y6Nne8RvaA,this_girl,kungs,house
https://www.youtube.com/watch?v=9Sc-ir2UwGU,firestone,Kygo,house
https://www.youtube.com/watch?v=VjHMDlAPMUw,are_you_with_me,Lost_frequencies,house
https://www.youtube.com/watch?v=A1NmCvuxQ3o,6_days,Mahmut_orhan,house
https://www.youtube.com/watch?v=rQ7tMWOCQlM,feel,Mahmut_orhan,house
https://www.youtube.com/watch?v=gCYcHz2k5x0,animals,Martin_garrix,house
https://www.youtube.com/watch?v=o7iL2KzDh38,so_far_away,Martin_garrix,house
https://www.youtube.com/watch?v=AewNd29wRUM,the_only_way_is_up,Martin_garrix,house
https://www.youtube.com/watch?v=foE1mO2yM04,i_took_a_pill_in_ibiza,mike_posner,house
https://www.youtube.com/watch?v=DKdeBpn6PRw,youre_gonna_love_again,Nervo,house
https://www.youtube.com/watch?v=KrVC5dm5fFc,toulouse,Nicky_romero,house
https://www.youtube.com/watch?v=d7ypnPjz81I,wish_you_were_mine,Philip_george,house
https://www.youtube.com/watch?v=XrMssQ2JB48,flashlight,R3hab,house
https://www.youtube.com/watch?v=TWwIztjs29Y,revolution,R3hab,house
https://www.youtube.com/watch?v=zSguPHYRi9M,samurai,R3hab,house
https://www.youtube.com/watch?v=i5getrSq6G8,soundwave,R3hab,house
https://www.youtube.com/watch?v=Mo4cmTaEDIk,sun_goes_down,robin_schulz,house
https://www.youtube.com/watch?v=9G1I16gJBvU,calling,Sebastian_ingrosso,house
https://www.youtube.com/watch?v=GuAtcpFQpMw,reload,Sebastian_ingrosso,house
https://www.youtube.com/watch?v=QCyIY10KBnk,booyah,Showtek,house
https://www.youtube.com/watch?v=ja_Y6MvLeJs,get_loose,Showtek,house
https://www.youtube.com/watch?v=KD5fLb-WgBU,nobody_to_love,Sigma,house
https://www.youtube.com/watch?v=gl2p4G3CUrI,boneless,Steve_aoki,house
https://www.youtube.com/watch?v=amLi06dhx5w,the_power_of_now,Steve_aoki,house
https://www.youtube.com/watch?v=bIv16itYi_0,waste_it_on_me,Steve_aoki,house
https://www.youtube.com/watch?v=1y6smkh6c-0,dont_you_worry_child,Swedish_house_mafia,house
https://www.youtube.com/watch?v=PDboaDrHGbA,greyhound,Swedish_house_mafia,house
https://www.youtube.com/watch?v=PkQ5rEJaTmk,one,Swedish_house_mafia,house
https://www.youtube.com/watch?v=BXpdmKELE1k,save_the_world,Swedish_house_mafia,house
https://www.youtube.com/watch?v=rSXTjqiEjjo,affliction,Tiesto,house
https://www.youtube.com/watch?v=gujB7A5ycew,cmon,Tiesto,house
https://www.youtube.com/watch?v=yT27MHg5Hls,dance4life,Tiesto,house
https://www.youtube.com/watch?v=CFF0mV24WCY,red_lights,Tiesto,house
https://www.youtube.com/watch?v=Dr1nN__-2Po,secrets,Tiesto,house
https://www.youtube.com/watch?v=JxEiIeoet6Q,the_right_song,Tiesto,house
https://www.youtube.com/watch?v=souJM4aCk6w,drop_that_low,Tujamo,house
https://www.youtube.com/watch?v=Y19FzsqM1as,one_on_one,Tujamo,house
https://www.youtube.com/watch?v=IyLChcdDJl8,lose_control,Ummet_ozcan,house
https://www.youtube.com/watch?v=gc0SJozzt9U,raise_your_hands,Ummet_ozcan,house
https://www.youtube.com/watch?v=s97Mb1TZqbU,bump_and_grind,waze_and_odyssey,house
https://www.youtube.com/watch?v=z5LW07FTJbI,kernkraft_400,Zombie_nation,house
https://www.youtube.com/watch?v=Nco_kh8xJDs,would,Alice_in_chains,metal
https://www.youtube.com/watch?v=mS0ZJsDC76w,not_alone,All_that_remains,metal
https://www.youtube.com/watch?v=j47OMBfl-3A,the_last_time,All_that_remains,metal
https://www.youtube.com/watch?v=36Vs_JoIvjA,the_thunder_rolls,All_that_remains,metal
https://www.youtube.com/watch?v=M_O003Cvwlc,this_probably_won't_end_well,All_that_remains,metal
https://www.youtube.com/watch?v=N8FxwSGNBZA,the_devil_you_know,Anthrax,metal
https://www.youtube.com/watch?v=WqRYBWyvbRo,hereafter,Architects,metal
https://www.youtube.com/watch?v=DelhLppPSxY,hail_to_the_king,Avenged_sevenfold,metal
https://www.youtube.com/watch?v=94bGzWyHbu0,nightmare,Avenged_sevenfold,metal
https://www.youtube.com/watch?v=9XaS93WMRQQ,zombie,Bad_wolves,metal
https://www.youtube.com/watch?v=fVIh1MFWDVw,failure,Breaking_benjamin,metal
https://www.youtube.com/watch?v=7qrRzNidzIc,i_will_not_bow,Breaking_benjamin,metal
https://www.youtube.com/watch?v=2kCbFmjEi6A,red_cold_river,Breaking_benjamin,metal
https://www.youtube.com/watch?v=DWaB4PXCwFU,the_diary_of_jane,Breaking_benjamin,metal
https://www.youtube.com/watch?v=1gpfzCxiQ-A,under_grass_and_clover,Children_of_bodom,metal
https://www.youtube.com/watch?v=aWxBrI0g1kE,indestructible,Disturbed,metal
https://www.youtube.com/watch?v=YV4oYkIeGJc,land_of_confusion,Disturbed,metal
https://www.youtube.com/watch?v=3moLkjvhEu0,stricken,Disturbed,metal
https://www.youtube.com/watch?v=GVcY--XzeIc,stupify,Disturbed,metal
https://www.youtube.com/watch?v=7sJvYpK0kfI,37_stitches,Drowning_pool,metal
https://www.youtube.com/watch?v=04F4xlWSFh0,bodies,Drowning_pool,metal
https://www.youtube.com/watch?v=28HZKR1JSLM,feel_like_i_do,Drowning_pool,metal
https://www.youtube.com/watch?v=gCSs5QggRUk,tear_away,Drowning_pool,metal
https://www.youtube.com/watch?v=osjYf8FBXbU,dielectric,Fear_factory,metal
https://www.youtube.com/watch?v=MuDxo-fbW9c,linchpin,Fear_factory,metal
https://www.youtube.com/watch?v=u_VsvZmIWxY,bad_company,Five_Finger_Death_Punch,metal
https://www.youtube.com/watch?v=OzvasAJIHb4,i_apologize,Five_Finger_Death_Punch,metal
https://www.youtube.com/watch?v=zuQGx1H1Qh8,the_pride,Five_Finger_Death_Punch,metal
https://www.youtube.com/watch?v=o_l4Ab5FRwM,wrong_side_of_heaven,Five_Finger_Death_Punch,metal
https://www.youtube.com/watch?v=opU1urLhw50,awake,Godsmack,metal
https://www.youtube.com/watch?v=0eXIOK2vOhM,cryin_like_a_bitch,Godsmack,metal
https://www.youtube.com/watch?v=OYjZK_6i37M,i_stand_alone,Godsmack,metal
https://www.youtube.com/watch?v=v8ueA9FNb0U,speak,Godsmack,metal
https://www.youtube.com/watch?v=iVvXB-Vwnco,silvera,Gojira,metal
https://www.youtube.com/watch?v=FNdC_3LR2AI,stranded,Gojira,metal
https://www.youtube.com/watch?v=KTiQ75HY0DA,deliver_us,in_flames,metal
https://www.youtube.com/watch?v=xznKs14Svlo,no_good,in_flames,metal
https://www.youtube.com/watch?v=R9lCXVFCs20,rusted_nail,in_flames,metal
https://www.youtube.com/watch?v=ZoUgqwMX9oo,this_is_our_house,In_flames,metal
https://www.youtube.com/watch?v=9qbRHY1l0vc,2_minutes_to_midnight,Iron_maiden,metal
https://www.youtube.com/watch?v=NR7dG_m3MsI,holy_diver,killswitch_engage,metal
https://www.youtube.com/watch?v=HANCzu70us4,in_due_time,killswitch_engage,metal
https://www.youtube.com/watch?v=PgMsACFMIq8,rose_of_sharyn,killswitch_engage,metal
https://www.youtube.com/watch?v=JiDnB-CrrNs,the_end_of_heartache,killswitch_engage,metal
https://www.youtube.com/watch?v=jRGrNDV2mKc,freak_on_a_leash,Korn,metal
https://www.youtube.com/watch?v=LYU-8IFcDPw,faint,linkin_park,metal
https://www.youtube.com/watch?v=kXYiU_JCYtU,numb,linkin_park,metal
https://www.youtube.com/watch?v=vjVkXlxsO8Q,papercut,linkin_park,metal
https://www.youtube.com/watch?v=WYeDJxWvA_I,catharsis,Machine_head,metal
https://www.youtube.com/watch?v=_qtA4tg_4G4,darkness_within,Machine_head,metal
https://www.youtube.com/watch?v=jxjeqCd6Zm0,locust,Machine_head,metal
https://www.youtube.com/watch?v=6POUitQf8v8,warriors_of_the,Manowar,metal
https://www.youtube.com/watch?v=lAihDAJX8Ow,curl_of_the_burl,Mastodon,metal
https://www.youtube.com/watch?v=s6WGNd8QR-U,oblivion,Mastodon,metal
https://www.youtube.com/watch?v=yFxsnOm2kLg,lying_in_state,Megadeth,metal
https://www.youtube.com/watch?v=aOnKCcjP8Qs,sweating_bullets,Megadeth,metal
https://www.youtube.com/watch?v=CD-E-LDc384,enter_sandman,Metallica,metal
https://www.youtube.com/watch?v=PvF9PAxe5Ng,fuel,Metallica,metal
https://www.youtube.com/watch?v=6ajl1ABdD8A,st_anger,Metallica,metal
https://www.youtube.com/watch?v=RDN4awrpPQQ,the_memory_remains,Metallica,metal
https://www.youtube.com/watch?v=wsrvmNtWU4E,whiskey_in_the_jar,Metallica,metal
https://www.youtube.com/watch?v=SP3M-Et52N0,everything_invaded,Moonspell,metal
https://www.youtube.com/watch?v=nQMyHnQe-RA,saints_of_los_angeles,Motley_crue,metal
https://www.youtube.com/watch?v=J06yQb4lbPk,heroes,Motorhead,metal
https://www.youtube.com/watch?v=RVMvART9kb8,cemetery_gates,Pantera,metal
https://www.youtube.com/watch?v=AkFqg5wAuFk,walk,Pantera,metal
https://www.youtube.com/watch?v=55XlIPzY5q0,beneath_broken_earth,Paradise_lost,metal
https://www.youtube.com/watch?v=h010Epjzuk8,mouth,Paradise_lost,metal
https://www.youtube.com/watch?v=1zN7J64IeBo,army_of_the_night,Powerwolf,metal
https://www.youtube.com/watch?v=cXOAcuNhFS4,killers_with_the_cross,Powerwolf,metal
https://www.youtube.com/watch?v=3L4YrGaR8E4,bulls_on_parade,rage_against_the_machine,metal
https://www.youtube.com/watch?v=W3q8Od5qJio,du_hast,Rammstein,metal
https://www.youtube.com/watch?v=ZkW-K5RQdzo,feuer_frei,Rammstein,metal
https://www.youtube.com/watch?v=EOnSh3QlpbQ,ich_will,Rammstein,metal
https://www.youtube.com/watch?v=9-SQGOYOjxs,prayer_of_the_refugee,Rise_against,metal
https://www.youtube.com/watch?v=e8X3ACToii0,savior,Rise_against,metal
https://www.youtube.com/watch?v=eFO0Xo9TZ54,screaming_eagles,Sabaton,metal
https://www.youtube.com/watch?v=i9BupglHdtM,the_last_stand,Sabaton,metal
https://www.youtube.com/watch?v=7jTgkTEDDog,the_lost_battalion,Sabaton,metal
https://www.youtube.com/watch?v=zBXkWVZD4qE,fake_it,Seether,metal
https://www.youtube.com/watch?v=pnlwqqy4XB4,let_you_down,Seether,metal
https://www.youtube.com/watch?v=FZLILV18ut8,remedy,Seether,metal
https://www.youtube.com/watch?v=9itwt_opsvQ,cut_the_cord,Shinedown,metal
https://www.youtube.com/watch?v=0QXNtLaOnSE,devour,Shinedown,metal
https://www.youtube.com/watch?v=OoHGZFyMCHU,enemies,Shinedown,metal
https://www.youtube.com/watch?v=WGt-8adyabk,sound_of_madness,Shinedown,metal
https://www.youtube.com/watch?v=liW-kWFiXtQ,youre_going_down,Sick_puppies,metal
https://www.youtube.com/watch?v=yjb0j9l1sz4,repentless,Slayer,metal
https://www.youtube.com/watch?v=wLoYIBEZEfw,all_out_life,Slipknot,metal
https://www.youtube.com/watch?v=qw2LU1yS7aw,before_i_forget,Slipknot,metal
https://www.youtube.com/watch?v=6fVE8kSM43I,duality,Slipknot,metal
https://www.youtube.com/watch?v=5abamRO41fE,psychosocial,Slipknot,metal
https://www.youtube.com/watch?v=WkqJ8SvaDfc,redefine,soil,metal
https://www.youtube.com/watch?v=AHZhl_pniUY,full_moon_shoals,Soilwork,metal
https://www.youtube.com/watch?v=VKZBFts4lPo,rejection_role,Soilwork,metal
https://www.youtube.com/watch?v=_tmxCRRmNhM,made_of_scars,Stone_sour,metal
https://www.youtube.com/watch?v=AhiIZKaRixs,tired,Stone_sour,metal
https://www.youtube.com/watch?v=CSvFpBOe8eY,chop_suey,System_Of_A_Down,metal
https://www.youtube.com/watch?v=iywaBOMvYLI,toxicity,System_of_a_down,metal
https://www.youtube.com/watch?v=PcIlZ3luYHc,silence_in_the_snow,Trivium,metal
https://www.youtube.com/watch?v=IIvSXocE6YY,strife,Trivium,metal
https://www.youtube.com/watch?v=Fwr1Z7uyXz4,the_heart_from_your_hate,Trivium,metal
https://www.youtube.com/watch?v=pm-xlwkQ_qc,until_the_world_goes_cold,Trivium,metal
https://www.youtube.com/watch?v=rSmtHBMjXLU,a_warriors_call,Volbeat,metal
https://www.youtube.com/watch?v=5mV_HHL-h6g,sad_mans_tongue,Volbeat,metal
https://www.youtube.com/watch?v=_v2J_stvHes,seal_the_deal,Volbeat,metal
https://www.youtube.com/watch?v=-QdgoBYUHBU,raise_your_banner,Within_temptation,metal
https://www.youtube.com/watch?v=S7sOZ_TFUXg,the_reckoning,Within_temptation,metal
https://www.youtube.com/watch?v=UKwrgWkur00,what_have_you_done,Within_temptation,metal
https://www.youtube.com/watch?v=DcFpvolRN3w,game_of_thrones,2cellos,other
https://www.youtube.com/watch?v=-JruBBQkJEY,may_it_be,2cellos,other
https://www.youtube.com/watch?v=oUBQPIk9Wh8,vivaldi_storm,2cellos,other
https://www.youtube.com/watch?v=g8ecLZtPssQ,strange,adana_twins,other
https://www.youtube.com/watch?v=Kq4OtRsdXls,destination_calabria,Alex_gaudino,other
https://www.youtube.com/watch?v=6366dxFf-Os,Whyd_You_Only_Call_Me_When_Youre_High?,arctic_monkeys,other
https://www.youtube.com/watch?v=71Es-8FfATo,four_out_of_five,arctic_monkeys,other
https://www.youtube.com/watch?v=tgIqecROs5M,sail,awolnation,other
https://www.youtube.com/watch?v=cMFWFhTFohk,the_funeral,band_of_horses,other
https://www.youtube.com/watch?v=Rgox84KE7iY,bad_motherfucker,biting_elbows,other
https://www.youtube.com/watch?v=QYm-dT24iRY,the_stampede,biting_elbows,other
https://www.youtube.com/watch?v=uR9pt73L_JU,toothpick,biting_elbows,other
https://www.youtube.com/watch?v=xat1GVnl8-k,the_bad_touch,bloodhound_gang,other
https://www.youtube.com/watch?v=_pKXcDrmjFk,sound_of_freedom,bob_sinclar,other
https://www.youtube.com/watch?v=ymNFyxvIdaM,freestyler,bomfunk_mc's,other
https://www.youtube.com/watch?v=tGbRZ73NvlY,chan_chan,buena_vista_social_club,other
https://www.youtube.com/watch?v=UbQgXeY_zi4,lone_digger,caravan_palace,other
https://www.youtube.com/watch?v=A7lxd7RL1To,dramophone,caravan_palace,other
https://www.youtube.com/watch?v=fBGSJ3sbivI,rock_it_for_me,caravan_palace,other
https://www.youtube.com/watch?v=hlznpxNGFGQ,baby,clean_bandit,other
https://www.youtube.com/watch?v=s4ABpbxIPFI,electric_worry,clutch,other
https://www.youtube.com/watch?v=6Sj76eCy6ag,a_quick_death_in_texas,clutch,other
https://www.youtube.com/watch?v=6FEDrU85FLE,butterfly,crazy_town,other
https://www.youtube.com/watch?v=NF-kLy44Hls,lose_yourself_to_dance,daft_punk,other
https://www.youtube.com/watch?v=PKFcaXd5G8c,let_go,deadmau5,other
https://www.youtube.com/watch?v=JIrm0dHbCDU,strangelove,depeche_mode,other
https://www.youtube.com/watch?v=_6FBfAQ-NDE,just_can't_get_enough,depeche_mode,other
https://www.youtube.com/watch?v=Fy7FzXLin7o,heaven,depeche_mode,other
https://www.youtube.com/watch?v=NUC2EQvdzmY,nobody_speak,dj_shadow,other
https://www.youtube.com/watch?v=bfwXxRNVqi4,organ_donor,dj_shadow,other
https://www.youtube.com/watch?v=InFbBlpDTfQ,midnight_in_a_perfect_world,dj_shadow,other
https://www.youtube.com/watch?v=x-64CaD8GXw,shipping_up_to_boston,dropkick_murphys,other
https://www.youtube.com/watch?v=9d8SzG4FPyM,rose_tattoo,dropkick_murphys,other
https://www.youtube.com/watch?v=Bd1CUTrcy5U,so_are_you,dub_fx,other
https://www.youtube.com/watch?v=WhBoR_tgXCI,flow,dub_fx,other
https://www.youtube.com/watch?v=hyEr1oZovUE,supernova_pilot,dub_fx,other
https://www.youtube.com/watch?v=hN5X4kGhAtU,we_are_the_people,empire_of_the_sun,other
https://www.youtube.com/watch?v=CLXt3yh2g0s,changed_the_way_you_kiss_me,example,other
https://www.youtube.com/watch?v=P8JEm4d6Wu4,insomnia,faithless,other
https://www.youtube.com/watch?v=65EfTFUFDwI,we_come_1,faithless,other
https://www.youtube.com/watch?v=uzgBD2wysuI,mass_destruction,faithless,other
https://www.youtube.com/watch?v=bhSB8EEnCAM,god_is_a_dj,faithless,other
https://www.youtube.com/watch?v=FMrIy9zm7QY,rockafeller_skank,fatboy_slim,other
https://www.youtube.com/watch?v=wCDIYvFmgW8,weapon_of_choice,fatboy_slim,other
https://www.youtube.com/watch?v=F7jSp2xmmEE,right_here_right_now,fatboy_slim,other
https://www.youtube.com/watch?v=jWFb5z3kUSQ,keep_the_streets_empty_for_me,fever_ray,other
https://www.youtube.com/watch?v=EBAzlNJonO8,if_i_had_a_heart,fever_ray,other
https://www.youtube.com/watch?v=HyHNuVaZJ-k,feel_good_inc,gorillaz,other
https://www.youtube.com/watch?v=1V_xRb0x9aw,clint_eastwood,gorillaz,other
https://www.youtube.com/watch?v=04mfKJWDSzI,on_melancholy_hill,gorillaz,other
https://www.youtube.com/watch?v=nhPaWIeULKk,stylo,gorillaz,other
https://www.youtube.com/watch?v=8UVNT4wvIGY,somebody_that_i_used_to_know,gotye,other
https://www.youtube.com/watch?v=m0psosrTuas,so_much_for_love,gramatik,other
https://www.youtube.com/watch?v=c7WbrGf-cqM,bullet,grand_avenue,other
https://www.youtube.com/watch?v=xk3BvNLeNgw,once_again,hang_massive,other
https://www.youtube.com/watch?v=nvmOoSFhhJ4,The_Secret_Kissing_of_the_Sun_and_Moon,hang_massive,other
https://www.youtube.com/watch?v=1TB1x67Do5U,wonderful_life,hurts,other
https://www.youtube.com/watch?v=HrAclaz5GvA,miracle,hurts,other
https://www.youtube.com/watch?v=gOsM-DYAEhY,whatever_it_takes,imagine_dragons,other
https://www.youtube.com/watch?v=fKopy74weus,thunder,imagine_dragons,other
https://www.youtube.com/watch?v=ktvTqknDobU,radioactive,imagine_dragons,other
https://www.youtube.com/watch?v=4JkIs37a2JE,virtual_insanity,jamiroquai,other
https://www.youtube.com/watch?v=S-VveKWBz_k,day_n'_nite,kid_cudi,other
https://www.youtube.com/watch?v=iu3Wfx-mgjE,time,Klangkarussell,other
https://www.youtube.com/watch?v=Gz2GVlQkn4Q,come_with_me_now,kongos,other
https://www.youtube.com/watch?v=h2_-aAx1F-w,american_tune,kurt_elling,other
https://www.youtube.com/watch?v=RYnFIRc0k6E,rollin,limp_bizkit,other
https://www.youtube.com/watch?v=Dn8vzTsnPps,my_way,limp_bizkit,other
https://www.youtube.com/watch?v=ZpUYjpKg9KY,break_stuff,limp_bizkit,other
https://www.youtube.com/watch?v=4MCjU-Du3eI,the_arena,Lindsey_Stirling,other
https://www.youtube.com/watch?v=jvipPYFebWc,roundtable_rival,Lindsey_Stirling,other
https://www.youtube.com/watch?v=aHjpOzsQ9YI,crystallize,Lindsey_Stirling,other
https://www.youtube.com/watch?v=KQ6zr6kCPj8,party_rock_anthem,Lmfao,other
https://www.youtube.com/watch?v=SkTt9k4Y-a8,sorry_for_party_rocking,lmfao,other
https://www.youtube.com/watch?v=wyx6JDQCslE,sexy_and_i_know_it,lmfao,other
https://www.youtube.com/watch?v=OZYw0MQp_fI,nightcall,london_grammar,other
https://www.youtube.com/watch?v=6drfp_3823I,strong,london_grammar,other
https://www.youtube.com/watch?v=nxg4C365LbQ,acid_rain,lorn,other
https://www.youtube.com/watch?v=VHBcS0fYWfc,casablanca,low_deep_t,other
https://www.youtube.com/watch?v=lAwYodrBr2Q,wait,m83,other
https://www.youtube.com/watch?v=o6b9JpBFjd4,powerful,major_lazer,other
https://www.youtube.com/watch?v=_zCoCa6b6cU,watch_out_for_this,major_lazer,other
https://www.youtube.com/watch?v=hC8CH0Z3L54,tadow,masego,other
https://www.youtube.com/watch?v=CWGNA3u4-Sg,lift_me_up,moby,other
https://www.youtube.com/watch?v=ICjyAe9S54c,extreme_ways,moby,other
https://www.youtube.com/watch?v=qT6XCvDUUsU,why_does_my_heart_feel_so_bad?,moby,other
https://www.youtube.com/watch?v=z3YMxM1_S48,natural_blues,moby,other
https://www.youtube.com/watch?v=Bparw9Jo3dk,sunlight,modestep,other
https://www.youtube.com/watch?v=mMfxI3r_LyA,lady,Modjo,other
https://www.youtube.com/watch?v=X8f5RgwY8CI,algorithm,Muse,other
https://www.youtube.com/watch?v=w8KQmps-Sog,uprising,Muse,other
https://www.youtube.com/watch?v=O2IuJPh6h_A,time_is_running,Muse,other
https://www.youtube.com/watch?v=Ek0SgwWmF9w,madness,Muse,other
https://www.youtube.com/watch?v=eJSik6ejkr0,runnin,naughty_boy,other
https://www.youtube.com/watch?v=GdZn7k5rZLQ,amaranth,nightwish,other
https://www.youtube.com/watch?v=-xPIdta_uXI,i_wish_i_had_an_angel,nightwish,other
https://www.youtube.com/watch?v=sh6V1zMmbuU,one_winged_angel,nobuo_uematsu,other
https://www.youtube.com/watch?v=VjAKeduaURc,fashion_drunk,otis_stacks,other
https://www.youtube.com/watch?v=PWgvGjAhvIw,hey_ya!,outkast,other
https://www.youtube.com/watch?v=067YF8KHdTM,shut_your_mouth,pain,other
https://www.youtube.com/watch?v=hwsufz9C4A8,the_princess,Parov_stelar,other
https://www.youtube.com/watch?v=WTrNsAsjEmY,the_sun,Parov_stelar,other
https://www.youtube.com/watch?v=rH9AriEezeI,feed_your_head,paul_kalkbrenner,other
https://www.youtube.com/watch?v=iFAFA3B3CWU,the_bomb,pigeon_john,other
https://www.youtube.com/watch?v=WO9ewCO7TYI,meds,Placebo,other
https://www.youtube.com/watch?v=-JJAXwAaA2w,the_bitter_end,Placebo,other
https://www.youtube.com/watch?v=OMaycNcPsHI,every_me_every_you,Placebo,other
https://www.youtube.com/watch?v=DHQngnnHE_0,pure_morning,Placebo,other
https://www.youtube.com/watch?v=e7bxXjQL3cY,song_to_say_goodbye,Placebo,other
https://www.youtube.com/watch?v=9bZkp7q19f0,gangnam_style,psy,other
https://www.youtube.com/watch?v=Q3dvbM6Pias,testify,rage_against_the_machine,other
https://www.youtube.com/watch?v=w211KOQ5BMI,sleep_now_in_the_fire,rage_against_the_machine,other
https://www.youtube.com/watch?v=h4rZE_J1beA,what_else_is_there?,Royksopp,other
https://www.youtube.com/watch?v=6c-RbGZBnBI,monument,Royksopp,other
https://www.youtube.com/watch?v=sPqnxFgCrhg,the_girl_and_the_robot,Royksopp,other
https://www.youtube.com/watch?v=pjTj-_55WZ8,these_days,Rudimental,other
https://www.youtube.com/watch?v=J9-Lwpgfd1E,not_giving_in,Rudimental,other
https://www.youtube.com/watch?v=mwq-T2CrJRU,loca_people,sak_noel,other
https://www.youtube.com/watch?v=6Whgn_iE5uc,smooth,santana,other
https://www.youtube.com/watch?v=t6omUxqhG78,corazon_espinado,santana,other
https://www.youtube.com/watch?v=9cQlVww0zKo,ecuador,sash!,other
https://www.youtube.com/watch?v=oAeotgCHL3E,changing,sigma,other
https://www.youtube.com/watch?v=YJVmu6yttiw,bangarang,skrillex,other
https://www.youtube.com/watch?v=2cXDgFwE13g,first_of_the_year,skrillex,other
https://www.youtube.com/watch?v=oiKj0Z_Xnjc,Papaoutai,Stromae,other
https://www.youtube.com/watch?v=VHoT4N43jK8,alors_on_danse,Stromae,other
https://www.youtube.com/watch?v=ZnJ7uOK4nYg,hes_a_pirate,taylor_davis,other
https://www.youtube.com/watch?v=ceejv3twicE,legendary_guardian,taylor_davis,other
https://www.youtube.com/watch?v=hvvjiE4AdUI,kickapoo,tenacious_d,other
https://www.youtube.com/watch?v=kOucrAFX810,basic_instinct,the_acid,other
https://www.youtube.com/watch?v=eu0KsZ_MVBc,because_i'm_me,the_avalanches,other
https://www.youtube.com/watch?v=ZaI2IlHwmgQ,pump_it,the_black_eyed_peas,other
https://www.youtube.com/watch?v=4m48GqaOz90,boom_boom_pow,the_black_eyed_peas,other
https://www.youtube.com/watch?v=uSD4vsh1zDA,i_gotta_feeling,the_black_eyed_peas,other
https://www.youtube.com/watch?v=IKqV7DB8Iwg,lets_get_it_started,the_black_eyed_peas,other
https://www.youtube.com/watch?v=KRzMtlZjXpU,shut_up,the_black_eyed_peas,other
https://www.youtube.com/watch?v=Xu3FTEmN-eg,galvanize,the_chemical_brothers,other
https://www.youtube.com/watch?v=cW2bqBhP4AA,hey_boy_hey_girl,the_chemical_brothers,other
https://www.youtube.com/watch?v=mGgMZpGYiy8,friday_i'm_in_love,the_cure,other
https://www.youtube.com/watch?v=B9FzVhw8_bY,in_hell_i'll_be_in_good_company,The_Dead_South,other
https://www.youtube.com/watch?v=5y4qmWF9TIM,banjo_odyssey,The_Dead_South,other
https://www.youtube.com/watch?v=sVzvRsl4rEM,how_you_like_me_now,the_heavy,other
https://www.youtube.com/watch?v=v4pi1LxuDHc,sleep_on_the_floor,the_lumineers,other
https://www.youtube.com/watch?v=wmin5WkOuPw,firestarter,the_prodigy,other
https://www.youtube.com/watch?v=xMVTKOoy1uk,omen,the_prodigy,other
https://www.youtube.com/watch?v=a4eav7dFvc8,out_of_space,the_prodigy,other
https://www.youtube.com/watch?v=o0Pt7M0weUI,wish_i_knew_you,the_revivalists,other
https://www.youtube.com/watch?v=amJ_WLmOKS0,iridium,the_sidh,other
https://www.youtube.com/watch?v=R2SIzfZwLLo,shake_that_bagpipe,the_sidh,other
https://www.youtube.com/watch?v=SYM-RJwSGQ8,habits,tove_lo,other
https://www.youtube.com/watch?v=7WdO9KhcUKE,lonesome_rider,volbeat,other
https://www.youtube.com/watch?v=tR_-PAWM9es,16_dollars,volbeat,other
https://www.youtube.com/watch?v=vSkb0kDacjs,iron,woodkid,other
https://www.youtube.com/watch?v=lmc21V-zBq0,run_boy_run,woodkid,other
https://www.youtube.com/watch?v=CQzFHdaMvuM,porto,worakls,other
https://www.youtube.com/watch?v=zoMYU_nOGNg,rise_up,Yves_larock,other
https://www.youtube.com/watch?v=CVvJp3d8xGQ,faded,zhu,other
https://www.youtube.com/watch?v=9fOfplgIYEY,paradise_awaits,zhu,other
https://www.youtube.com/watch?v=5_ARibfCMhw,in_the_morning,zhu,other
https://www.youtube.com/watch?v=YQHsXMglC9A,hello,Adele,pop
https://www.youtube.com/watch?v=rYEDA3JcQqw,rolling_in_the_deep,Adele,pop
https://www.youtube.com/watch?v=Ri7-vnrJD3k,set_fire_to_the_rain,Adele,pop
https://www.youtube.com/watch?v=hLQl3WQQoQ0,someone_like_you,Adele,pop
https://www.youtube.com/watch?v=50VNCymT-Cs,let_me_down_slowly,Alec_benjamin,pop
https://www.youtube.com/watch?v=nFZP8zQ5kzk,i_need_a_dollar,Aloe_blacc,pop
https://www.youtube.com/watch?v=kN0iD0pI3o0,breathin,Ariana_grande,pop
https://www.youtube.com/watch?v=W5kM5wAwRug,chances,Backstreet_boys,pop
https://www.youtube.com/watch?v=GZXHBgjQjNM,drowning,Backstreet_boys,pop
https://www.youtube.com/watch?v=WVe80iZtlYU,incomplete,Backstreet_boys,pop
https://www.youtube.com/watch?v=Uk1hv6h7O1Y,beautiful,Bazzi,pop
https://www.youtube.com/watch?v=bnVUHWCynig,halo,Beyonce,pop
https://www.youtube.com/watch?v=oah-OYibXfw,almost_here,Brian_mcfadden,pop
https://www.youtube.com/watch?v=iTM-DFdtg78,demons,Brian_mcfadden,pop
https://www.youtube.com/watch?v=WsW8wiWDa0A,irish_son,Brian_mcfadden,pop
https://www.youtube.com/watch?v=ipMPJ42vyYs,real_to_me,Brian_mcfadden,pop
https://www.youtube.com/watch?v=C-u5WLJ9Yk4,baby_one_more_time,Britney_spears,pop
https://www.youtube.com/watch?v=LOZuxwVk7TU,toxic,Britney_spears,pop
https://www.youtube.com/watch?v=e-fA-gBCkj0,locked_out_of_heaven,Bruno_mars,pop
https://www.youtube.com/watch?v=PMivT7MJ41M,that's_what_i_like,Bruno_mars,pop
https://www.youtube.com/watch?v=OPf0YbXqDm0,uptown_funk,Bruno_mars,pop
https://www.youtube.com/watch?v=ekzHIouo8Q4,when_i_was_your_man,Bruno_mars,pop
https://www.youtube.com/watch?v=q31tGyBJhRY,dancing_on_my_own,Calum_scott,pop
https://www.youtube.com/watch?v=ShZ978fBl6Y,you_are_the_reason,Calum_scott,pop
https://www.youtube.com/watch?v=-ScjucUV8v0,candyman,Christina_aguilera,pop
https://www.youtube.com/watch?v=kIDWgqDBNXA,genie_in_a_bottle,Christina_aguilera,pop
https://www.youtube.com/watch?v=wwCykGDEp7M,hurt,Christina_aguilera,pop
https://www.youtube.com/watch?v=1G4isv_Fylg,paradise,Coldplay,pop
https://www.youtube.com/watch?v=d020hcWA_Wg,clocks,Coldplay,pop
https://www.youtube.com/watch?v=VPRjCeoBqrI,a_sky_full_of_stars,Coldplay,pop
https://www.youtube.com/watch?v=k4V3Mo61fJM,fix_you,Coldplay,pop
https://www.youtube.com/watch?v=YykjpeuMNEk,hymn_for_the_weekend,Coldplay,pop
https://www.youtube.com/watch?v=J75enyWdbBM,flames,david_guetta,pop
https://www.youtube.com/watch?v=cwLRQn61oUY,confident,Demi_lovato,pop
https://www.youtube.com/watch?v=il9nqWw9W3Y,cool_for_the_summer,Demi_lovato,pop
https://www.youtube.com/watch?v=1zfzka5VwRc,give_your_heart_a_break,Demi_lovato,pop
https://www.youtube.com/watch?v=-MsvER1dpjM,sorry_not_sorry,Demi_lovato,pop
https://www.youtube.com/watch?v=naW6-WxmMiU,nevermind,Dennis_lloyd,pop
https://www.youtube.com/watch?v=-rey3m8SWQI,be_the_one,Dua_lipa,pop
https://www.youtube.com/watch?v=fEOyePhElr4,hotter_than_hell,Dua_lipa,pop
https://www.youtube.com/watch?v=Mgfe5tIwOj0,idgaf,Dua_lipa,pop
https://www.youtube.com/watch?v=k2qgadSvNyU,new_rules,Dua_lipa,pop
https://www.youtube.com/watch?v=2Vv-BfVoq4g,perfect,Ed_sheeran,pop
https://www.youtube.com/watch?v=JGwWNGJdvx8,shape_of_you,Ed_sheeran,pop
https://www.youtube.com/watch?v=59Q_lhgGANc,makeba,jain,pop
https://www.youtube.com/watch?v=WXyLdg4mJxo,naked,James_arthur,pop
https://www.youtube.com/watch?v=pRfmrE0ToTo,rewrite_the_stars,James_arthur,pop
https://www.youtube.com/watch?v=0yW7w8F2TVA,say_you_wont_let_go,James_arthur,pop
https://www.youtube.com/watch?v=Bs5-klTyb9o,losing_sleep,John_newman,pop
https://www.youtube.com/watch?v=CfihYWRWRTQ,love_me_again,John_newman,pop
https://www.youtube.com/watch?v=btrzs54s1Rc,rise,Jonas_blue,pop
https://www.youtube.com/watch?v=5KNEZJ6KkLI,burnin_up,Jonas_brothers,pop
https://www.youtube.com/watch?v=EbBGkqll8lI,s.o.s,Jonas_brothers,pop
https://www.youtube.com/watch?v=dPI-mRFEIH0,bon_appetit,Katy_perry,pop
https://www.youtube.com/watch?v=F57P9C4SAW4,california_gurls,Katy_perry,pop
https://www.youtube.com/watch?v=0KSOMA3QBU0,dark_horse,Katy_perry,pop
https://www.youtube.com/watch?v=CevxZvSJLk8,roar,Katy_perry,pop
https://www.youtube.com/watch?v=bESGLojNYSo,poker_face,Lady_gaga,pop
https://www.youtube.com/watch?v=JRWox-i6aAk,blue_jeans,Lana_del_rey,pop
https://www.youtube.com/watch?v=Bag1gUxuU0g,born_to_die,Lana_del_rey,pop
https://www.youtube.com/watch?v=TdrL3QxjyVw,Summertime_sadness,Lana_del_rey,pop
https://www.youtube.com/watch?v=oKxuiw3iMBE,west_coast,Lana_del_rey,pop
https://www.youtube.com/watch?v=-MZ8guTxcFU,theres_no_way,Lauv,pop
https://www.youtube.com/watch?v=hn3wJ1_1Zsg,lost_on_you,Lp,pop
https://www.youtube.com/watch?v=Lv8VKCz3Cdg,other_people,Lp,pop
https://www.youtube.com/watch?v=aAQZPBwz2CI,4_minutes,Madonna,pop
https://www.youtube.com/watch?v=aJOTlE1K90k,girls_like_you,Maroon_5,pop
https://www.youtube.com/watch?v=iEPTlhBmwRg,moves_like_jagger,Maroon_5,pop
https://www.youtube.com/watch?v=oRdxUFDoQe0,beat_it,Michael_jackson,pop
https://www.youtube.com/watch?v=h_D3VFfhvs4,smooth_criminal,Michael_jackson,pop
https://www.youtube.com/watch?v=sjSG6z_13-Q,cant_be_tamed,Miley_cyrus,pop
https://www.youtube.com/watch?v=M11SvDtPBhA,party_in_the_u.s.a.,Miley_cyrus,pop
https://www.youtube.com/watch?v=KzKLd9p4x3w,we_can't_stop,Miley_cyrus,pop
https://www.youtube.com/watch?v=My2FRPA3Gf8,wrecking_ball,Miley_cyrus,pop
https://www.youtube.com/watch?v=4pBo-GL9SRg,all_good_things,Nelly_furtado,pop
https://www.youtube.com/watch?v=PLolag3YSYU,maneater,Nelly_furtado,pop
https://www.youtube.com/watch?v=0J3vgcE5i2o,promiscuous,Nelly_furtado,pop
https://www.youtube.com/watch?v=6JnGBs88sL0,Say_it_right,Nelly_furtado,pop
https://www.youtube.com/watch?v=hT_nvWreIhg,counting_stars,Onerepublic,pop
https://www.youtube.com/watch?v=8wGN7D03Nho,Lets_hurt_tonight,Onerepublic,pop
https://www.youtube.com/watch?v=y-2VKeDBPkw,start_again,Onerepublic,pop
https://www.youtube.com/watch?v=IPXIgEAGe4U,high_hopes,panic_at_the_disco,pop
https://www.youtube.com/watch?v=y6Sxv-sUYtM,happy,Pharrell_Williams,pop
https://www.youtube.com/watch?v=FJfFZqTlWrQ,so_what,pink,pop
https://www.youtube.com/watch?v=ClU3fctbGls,what_about_us,Pink,pop
https://www.youtube.com/watch?v=pBkHHoOIIn8,feel_it_still,Portugal_the_man,pop
https://www.youtube.com/watch?v=lWA2pjMjpBs,diamonds,Rihanna,pop
https://www.youtube.com/watch?v=kx-WngtL5PQ,love_on_the_brain,Rihanna,pop
https://www.youtube.com/watch?v=ksdAs4LBRq8,anywhere,Rita_ora,pop
https://www.youtube.com/watch?v=XCQK6LmhYqc,let_me_love_you,Rita_ora,pop
https://www.youtube.com/watch?v=gtOV7bp-gys,candy,Robbie_williams,pop
https://www.youtube.com/watch?v=xcWOviMI6Lk,millennium,Robbie_williams,pop
https://www.youtube.com/watch?v=ULTtWUZhD9c,supreme,Robbie_williams,pop
https://www.youtube.com/watch?v=KohurXfPb7s,the_road_to_mandalay,Robbie_williams,pop
https://www.youtube.com/watch?v=P9-4xHVc7uk,ok,Robin_schulz,pop
https://www.youtube.com/watch?v=4B5WJ9WCX-c,sugar,Robin_schulz,pop
https://www.youtube.com/watch?v=6Mgqbai3fKo,chantaje,shakira,pop
https://www.youtube.com/watch?v=Dsp_8Lm1eSk,la_tortura,shakira,pop
https://www.youtube.com/watch?v=DUT5rEU6pqM,hips_don't_lie,shakira,pop
https://www.youtube.com/watch?v=36tggrpRoTI,in_my_blood,Shawn_mendes,pop
https://www.youtube.com/watch?v=KkGVmN68ByU,mercy,Shawn_mendes,pop
https://www.youtube.com/watch?v=dT2owtxkU8k,theres_nothing_holdin_me_back,Shawn_mendes,pop
https://www.youtube.com/watch?v=lY2yjAdbvdQ,treat_you_better,Shawn_mendes,pop
https://www.youtube.com/watch?v=2vjPBrBU-TM,chandelier,Sia,pop
https://www.youtube.com/watch?v=N2ICtCO8TCw,back_for_good,take_that,pop
https://www.youtube.com/watch?v=aCHg5r6rFoI,the_flood,take_that,pop
https://www.youtube.com/watch?v=EJN-rzytlYI,ho_hey,The_lumineers,pop
https://www.youtube.com/watch?v=MzCLLHscMOw,breakeven,The_script,pop
https://www.youtube.com/watch?v=mk48xRzuNvA,hall_of_fame,The_script,pop
https://www.youtube.com/watch?v=SGlkwKA-t_4,if_you_could_see_me_now,The_script,pop
https://www.youtube.com/watch?v=WIm1GgfRz6M,superheroes,The_script,pop
https://www.youtube.com/watch?v=M4ZoCHID9GI,call_out_my_name,The_weeknd,pop
https://www.youtube.com/watch?v=KEI4qSrkPAs,cant_feel_my_face,The_weeknd,pop
https://www.youtube.com/watch?v=34Na4j8AVgA,Starboy,The_weeknd,pop
https://www.youtube.com/watch?v=yzTuBuRdAyA,the_hills,The_weeknd,pop
https://www.youtube.com/watch?v=ZSM3w1v-A_Y,apologize,Timbaland,pop
https://www.youtube.com/watch?v=ru0K8uYEZWw,cant_stop_the_feeling,Timberlake,pop
https://www.youtube.com/watch?v=uuZE_IRwLNI,mirrors,Timberlake,pop
https://www.youtube.com/watch?v=IC8qPpnD0uE,what_goes_around,Timberlake,pop
https://www.youtube.com/watch?v=Cwkej79U3ek,a_thousand_miles,vanessa_carlton,pop
https://www.youtube.com/watch?v=kYtGl1dX5qI,scream_and_shout,will.i.am,pop
https://www.youtube.com/watch?v=8j741TUIET0,renegades,X_ambassadors,pop
https://www.youtube.com/watch?v=5wBTdfAkqGU,california_love,2pac,rap
https://www.youtube.com/watch?v=41qC3w3UUkU,hit_em_up,2pac,rap
https://www.youtube.com/watch?v=SRcnnId15BA,candy_shop,50_cent,rap
https://www.youtube.com/watch?v=rSg4m1hpEFI,get_up,50_cent,rap
https://www.youtube.com/watch?v=5qm8PH4xAss,in_da_club,50_cent,rap
https://www.youtube.com/watch?v=5D3crqpClPY,Many_men,50_cent,rap
https://www.youtube.com/watch?v=-W1mHtGk1QY,harlem_anthem,A$ap_ferg,rap
https://www.youtube.com/watch?v=Kbj2Zss-5GY,praise_the_lord,A$ap_rocky,rap
https://www.youtube.com/watch?v=BNzc6hG3yN4,a$ap_forever,A$ap_rocky,rap
https://www.youtube.com/watch?v=7PmUtmfTmbg,bubblin,anderson_.paak,rap
https://www.youtube.com/watch?v=7Xue-dOOLiY,still_not_a_player,Big_pun,rap
https://www.youtube.com/watch?v=M6t47RI4bns,blessings,Big_sean,rap
https://www.youtube.com/watch?v=qQn6TsbYrH8,man_don't_dance,big_shaq,rap
https://www.youtube.com/watch?v=3KL9mRus19o,no_diggity,Blackstreet,rap
https://www.youtube.com/watch?v=NV-3s2wwC8c,look_alive,BlocBoy_JB,rap
https://www.youtube.com/watch?v=W7FfCJb8JZQ,break_ya_neck,Busta_rhymes,rap
https://www.youtube.com/watch?v=z63cQKWlDgQ,second_round_k.o.,canibus,rap
https://www.youtube.com/watch?v=8Xa96UYtSdo,ghetto_people_song,canibus,rap
https://www.youtube.com/watch?v=xEh_8Zfr8Yc,the_odds,canibus,rap
https://www.youtube.com/watch?v=hXnMSaK6C2w,bartier_cardi,Cardi_b,rap
https://www.youtube.com/watch?v=PEGccV-NOm8,bodak_yellow,Cardi_b,rap
https://www.youtube.com/watch?v=fPO76Jlnz6c,gangsta's_paradise,coolio,rap
https://www.youtube.com/watch?v=Yg-RIOATCbU,how_could_i_kill_a_man,Cypress_hill,rap
https://www.youtube.com/watch?v=tKAv7eOK2dg,clout_cobain,denzel_curry,rap
https://www.youtube.com/watch?v=QgOXIEhHU1Y,welcome_to_the_party,diplo,rap
https://www.youtube.com/watch?v=ThlhSnRk21E,ruff_ryders_anthem,Dmx,rap
https://www.youtube.com/watch?v=9Ww-TQUeA3E,slippin,Dmx,rap
https://www.youtube.com/watch?v=6CqXgs-7ico,where_the_hood_at,Dmx,rap
https://www.youtube.com/watch?v=fGx6K90TmCI,x_gon_give_it_to_ya,Dmx,rap
https://www.youtube.com/watch?v=BuJDaOVz2qY,kush,Dr_dre,rap
https://www.youtube.com/watch?v=_CL6n0FJZpk,still d.r.e.,Dr_dre,rap
https://www.youtube.com/watch?v=QZXc39hT8t4,the_next_episode,Dr_dre,rap
https://www.youtube.com/watch?v=DRS_PpOrUZ4,in_my_feelings,drake,rap
https://www.youtube.com/watch?v=U9BwWKXjVaI,nice_for_what,Drake,rap
https://www.youtube.com/watch?v=RubBzkZzpUA,started_from_the_bottom,Drake,rap
https://www.youtube.com/watch?v=mvSItvjFE1c,lucky_you,Eminem,rap
https://www.youtube.com/watch?v=hsMraWleiCQ,mosh,Eminem,rap
https://www.youtube.com/watch?v=XbGs_qK2PQA,rap_god,eminem,rap
https://www.youtube.com/watch?v=D4hAVemuQXY,sing_for_the_moment,eminem,rap
https://www.youtube.com/watch?v=aSLZFdqwh7E,stan,Eminem,rap
https://www.youtube.com/watch?v=8CdcCD5V-d8,venom,eminem,rap
https://www.youtube.com/watch?v=YVkUvmDQ3HY,without_me,eminem,rap
https://www.youtube.com/watch?v=tVde2PTE3Tw,believe_me,Fort_minor,rap
https://www.youtube.com/watch?v=jzWiS-T6A8o,High_road,Fort_minor,rap
https://www.youtube.com/watch?v=dBhwIo9GiLE,kenji,Fort_minor,rap
https://www.youtube.com/watch?v=VDvr08sCPOc,remember_the_name,Fort_minor,rap
https://www.youtube.com/watch?v=JHQAfhOEaJA,drop,G-eazy,rap
https://www.youtube.com/watch?v=lc0zKB88XPM,poppin_them_thangs,G-unit,rap
https://www.youtube.com/watch?v=JzDkN_PRWgw,do_ya_thang,Ice_cube,rap
https://www.youtube.com/watch?v=N8GgunjEJA8,gangsta_rap_made_me_do_it,Ice_cube,rap
https://www.youtube.com/watch?v=h4UqMyldS7Qm,it_was_a_good_day,Ice_cube,rap
https://www.youtube.com/watch?v=ufynqs_COF4,Kevin's_heart,J._cole,rap
https://www.youtube.com/watch?v=vUTI4bPdlgE,atm,J._cole,rap
https://www.youtube.com/watch?v=0-cpL--0AQA,why,Jadakiss,rap
https://www.youtube.com/watch?v=JrO46CJd9ns,win,Jay_rock,rap
https://www.youtube.com/watch?v=6uikJTnmtgw,99_problems,Jay-z,rap
https://www.youtube.com/watch?v=Oz_-VaTHpc8,dirt_off_your_shoulder,Jay-z,rap
https://www.youtube.com/watch?v=mzB1VGEGcSU,lucid_dreams,Juice_wrld,rap
https://www.youtube.com/watch?v=MYF7H_fpc-g,jesus_walks,Kanye_west,rap
https://www.youtube.com/watch?v=NLZRYQMLDW4,dna,Kendrick_lamar,rap
https://www.youtube.com/watch?v=tvTRZJ-4EyI,humble,Kendrick_lamar,rap
https://www.youtube.com/watch?v=yyr2gEouEMM,poetic_justice,Kendrick_lamar,rap
https://www.youtube.com/watch?v=B5YNiCfWC3A,swimming_pools,Kendrick_lamar,rap
https://www.youtube.com/watch?v=tAhp17Mp7Xs,warm_it_up,Kris_kross,rap
https://www.youtube.com/watch?v=UCdMwyIy3ks,everyday,Logic,rap
https://www.youtube.com/watch?v=MUJf7RbJ54w,everybody_dies,Logic,rap
https://www.youtube.com/watch?v=TA7gnSyuIik,act_a_fool,Ludacris,rap
https://www.youtube.com/watch?v=5yt849wJyVk,get_back,Ludacris,rap
https://www.youtube.com/watch?v=ox-lfowevqA,how_low,Ludacris,rap
https://www.youtube.com/watch?v=JqHliQijgvA,my_chick_bad,Ludacris,rap
https://www.youtube.com/watch?v=jqPxJp5OJW0,ante_up,M.O.P,rap
https://www.youtube.com/watch?v=HWcfmkslT48,how_about_some_hardcore,M.O.P.,rap
https://www.youtube.com/watch?v=SsKT0s5J8ko,self_care,Mac_miller,rap
https://www.youtube.com/watch?v=X5-sg1SnDAM,alpha_omega,Machine_gun_kelly,rap
https://www.youtube.com/watch?v=Fp0BScQSSvg,rap_devil,Machine_gun_kelly,rap
https://www.youtube.com/watch?v=pKDABrZ418c,till_i_die,Machine_gun_kelly,rap
https://www.youtube.com/watch?v=7OrLroFa0AI,glorious,macklemore,rap
https://www.youtube.com/watch?v=gAg3uMlNyHA,wing$,macklemore,rap
https://www.youtube.com/watch?v=pqbpZvtIQZ0,all_i_need,Method_man,rap
https://www.youtube.com/watch?v=HI-mXMr8glQ,stir_fry,Migos,rap
https://www.youtube.com/watch?v=S-sJp1FfG7Q,bad_and_boujee,Migos,rap
https://www.youtube.com/watch?v=9v_rtaye2yY,motorsport,Migos,rap
https://www.youtube.com/watch?v=unh8kWUuNt4,narcos,Migos,rap
https://www.youtube.com/watch?v=1VUa99-tJqs,t-shirt,Migos,rap
https://www.youtube.com/watch?v=TMZi25Pq3T8,straight_outta_compton,N.w.a,rap
https://www.youtube.com/watch?v=JCOURZ-yx4E,one_mic,Nas,rap
https://www.youtube.com/watch?v=Wpm07-BGJnE,chun-li,Nicki_minaj,rap
https://www.youtube.com/watch?v=MYxAiK6VnXw,Ms_jackson,Outkast,rap
https://www.youtube.com/watch?v=UYwF-jdcVjY,better_now,post_malone,rap
https://www.youtube.com/watch?v=8PaoLy7PHwk,fight_the_power,Public_enemy,rap
https://www.youtube.com/watch?v=ToY6sjSV8h8,plug_walk,Rich_the_kid,rap
https://www.youtube.com/watch?v=dARAN1z2KqY,caterpillar,Royce_da_5'9',rap
https://www.youtube.com/watch?v=4B_UYYPb-Gk,walk_this_way,Run-D.M.C.,rap
https://www.youtube.com/watch?v=rEMsjeq43_U,man_of_the_year,Schoolboy_q,rap
https://www.youtube.com/watch?v=RaCodgL9cvk,drop_it_like_its_hot,Snoop_dogg,rap
https://www.youtube.com/watch?v=fWCZse1iwE0,gin_and_juice,Snoop_dogg,rap
https://www.youtube.com/watch?v=Wa5B22KAkEk,young_wild_and_free,Snoop_dogg,rap
https://www.youtube.com/watch?v=hl-LSOpkO38,dont_nobody_want_none,tech_n9ne,rap
https://www.youtube.com/watch?v=_JZom_gVfuw,juicy,The_notorious_b.i.g.,rap
https://www.youtube.com/watch?v=_qzacv8dtb4,what_they_do,The_roots,rap
https://www.youtube.com/watch?v=6ONRf7h3Mdk,sicko_mode,Travis_scott,rap
https://www.youtube.com/watch?v=YyWru2XOiK0,dip,Tyga,rap
https://www.youtube.com/watch?v=6Flx8kEa-YE,get_the_strap,uncle_murda,rap
https://www.youtube.com/watch?v=1plPyJdXKIY,regulate,Warren_g,rap
https://www.youtube.com/watch?v=AQiUJlRa0N8,bow_down,Westside_connection,rap
https://www.youtube.com/watch?v=UePtoxDhJSw,black_and_yellow,Wiz_khalifa,rap
https://www.youtube.com/watch?v=d_rongCrYOE,fr_fr,Wiz_khalifa,rap
https://www.youtube.com/watch?v=UX6K7waag5Q,we_dem_boyz,Wiz_khalifa,rap
https://www.youtube.com/watch?v=1_-3Bh1VFI8,protect_ya_neck,Wu-tang_clan,rap
https://www.youtube.com/watch?v=d8ayYlhkarU,kung_fu,ybn_cordae,rap
https://www.youtube.com/watch?v=xVhnfTwh1OA,bounce_out_with_that,ybn_nahmir,rap
https://www.youtube.com/watch?v=z61GFxVD8K4,big_bank,yg,rap
https://www.youtube.com/watch?v=fpsKo4BG708,chalice,black_uhuru,reggae
https://www.youtube.com/watch?v=uMUQMSXLlHM,buffalo_soldier,bob_marley,reggae
https://www.youtube.com/watch?v=4k2PJFPu57Y,three_little_birds,bob_marley,reggae
https://www.youtube.com/watch?v=TsrKloxhfaw,champion,Buju_banton,reggae
https://www.youtube.com/watch?v=1VAw2rfnDgQ,make_my_day,buju_banton,reggae
https://www.youtube.com/watch?v=Kb-0Eo0Yk0o,untold_stories,buju_banton,reggae
https://www.youtube.com/watch?v=YwSU0rcVTaE,wanna_be_loved,Buju_banton,reggae
https://www.youtube.com/watch?v=LfeIfiiBTfY,here_comes_trouble,Chronixx,reggae
https://www.youtube.com/watch?v=049km3Vc02c,skankin'_sweet,Chronixx,reggae
https://www.youtube.com/watch?v=vofff0Ei3kk,smile_jamaica,chronixx,reggae
https://www.youtube.com/watch?v=fUREgj4i684,i_can,Chronixx,reggae
https://www.youtube.com/watch?v=6Wq_K61Mh1A,likes,Chronixx,reggae
https://www.youtube.com/watch?v=Ry8_NdNKq-w,come_around,Collie_buddz,reggae
https://www.youtube.com/watch?v=0tTuDl8HlZs,love_and_reggae,Collie_buddz,reggae
https://www.youtube.com/watch?v=HT2789urycI,affairs_of_the_heart,Damian_marley,reggae
https://www.youtube.com/watch?v=9PukqhfMxfc,medication,Damian_marley,reggae
https://www.youtube.com/watch?v=_GZlJGERbvE,welcome_to_jamrock,Damian_marley,reggae
https://www.youtube.com/watch?v=GlkxymLBO0w,reggae_music,Desmond_foster,reggae
https://www.youtube.com/watch?v=MTslf3Bm94c,we_pray,dre_island,reggae
https://www.youtube.com/watch?v=ed-QuTdW-xQ,ganja_smuggling,eek_a_mouse,reggae
https://www.youtube.com/watch?v=FLSDaGa_Xj4,glory,eek_a_mouse,reggae
https://www.youtube.com/watch?v=o927KTn4EZo,love_me,Fia,reggae
https://www.youtube.com/watch?v=Zd68AthoNIw,bad_boys,Inner_circle,reggae
https://www.youtube.com/watch?v=uc2UEfWjvo8,sweat,Inner_circle,reggae
https://www.youtube.com/watch?v=q6fgVVlPl08,lets_do_it_again,J_boog,reggae
https://www.youtube.com/watch?v=B-sf5aycPnA,call_on_me,Jah_cure,reggae
https://www.youtube.com/watch?v=KXwKKO7s-_M,never_find,Jah_cure,reggae
https://www.youtube.com/watch?v=JRP7RmrJl8Y,rasta,Jah_cure,reggae
https://www.youtube.com/watch?v=jYJdFZwE9Ig,that_girl,Jah_cure,reggae
https://www.youtube.com/watch?v=szjSAv8WCG8,foundation,jah_sun,reggae
https://www.youtube.com/watch?v=MrHxhQPOO2c,i_can_see_clearly_now,Jimmy_cliff,reggae
https://www.youtube.com/watch?v=DFqRUKTDvn4,kontraband,kabaka_pyramid,reggae
https://www.youtube.com/watch?v=p8HoEvDh70Y,toast,koffee,reggae
https://www.youtube.com/watch?v=Sitr5kEc29Q,rule_my_heart,Ky-mani_marley,reggae
https://www.youtube.com/watch?v=WRmBChQjZPs,one_day,Matisyahu,reggae
https://www.youtube.com/watch?v=N6QkGcX4zRY,yaad_n_abraad,monkey_marc,reggae
https://www.youtube.com/watch?v=ilVGGQkWVwc,generations_will_rize,nattali_rize,reggae
https://www.youtube.com/watch?v=eNQTZ_lxLXs,one_people,Nattali_rize,reggae
https://www.youtube.com/watch?v=Rom4qWtEkMA,everything_nice,Popcaan,reggae
https://www.youtube.com/watch?v=7CJ1LGcsdYs,family,popcaan,reggae
https://www.youtube.com/watch?v=E7trsy11auM,system,Popcaan,reggae
https://www.youtube.com/watch?v=AkWXXGe49cw,rasta_love,protoje,reggae
https://www.youtube.com/watch?v=hzqFmXZ8tOE,who_knows,protoje,reggae
https://www.youtube.com/watch?v=XDng01g3Ejw,high_and_windy,sara_lugo,reggae
https://www.youtube.com/watch?v=7_sH_K8vZl8,lighters_up,Snoop_lion,reggae
https://www.youtube.com/watch?v=-MI3CKL4NMI,smoke_the_weed,snoop_lion,reggae
https://www.youtube.com/watch?v=jTAghWx_K7U,romantic_mood,spice,reggae
https://www.youtube.com/watch?v=NLaAc7wGwf0,taxi_driver,Steel_pulse,reggae
https://www.youtube.com/watch?v=M79KsXmsvec,jah_army,Stephen_marley,reggae
https://www.youtube.com/watch?v=KFx_PSy_Y3g,no_cigarette_smoking,Stephen_marley,reggae
https://www.youtube.com/watch?v=mOpCL3ggpCQ,rock_stone,Stephen_marley,reggae
https://www.youtube.com/watch?v=OdIAOtc4Hls,just_the_way_you_are,Tarrus_riley,reggae
https://www.youtube.com/watch?v=0OKNG7-8RVs,sorry_is_a_sorry_word,Tarrus_riley,reggae
https://www.youtube.com/watch?v=_NX7FNdWz0E,dont_come_back,Tarrus_riley,reggae
https://www.youtube.com/watch?v=7jfukkXIyW0,guess_who,Tarrus_riley,reggae
https://www.youtube.com/watch?v=qGuLqe-NMKg,shes_royal,Tarrus_riley,reggae
https://www.youtube.com/watch?v=GcXS4QLTF-8,simple_blessings,Tarrus_riley,reggae
https://www.youtube.com/watch?v=kOmhVEiq95I,no_woman_no_cry,the_fugees,reggae
https://www.youtube.com/watch?v=JM2oRBY-Zfc,roots_rock,the_gideon,reggae
https://www.youtube.com/watch?v=BCY1LiAUW4I,almighty_one,tuff_like_iron,reggae
https://www.youtube.com/watch?v=vUjE2Y7GaWI,orange_peel,tuff_like_iron,reggae
https://www.youtube.com/watch?v=DBonReG7I0Y,tune_in,tuff_like_iron,reggae
https://www.youtube.com/watch?v=vIaH35-MLsk,right_now,Akon,rnb
https://www.youtube.com/watch?v=zM0lu8xx0R4,whipped_cream,Ari_Lennox,rnb
https://www.youtube.com/watch?v=kudi8OtMu9s,drew_barrymore,Bryce_vine,rnb
https://www.youtube.com/watch?v=WDaNJW_jEBo,I_know_what_you_want,Busta_rhymes,rnb
https://www.youtube.com/watch?v=QdnvoWyoiY0,tempo,Chris_Brown,rnb
https://www.youtube.com/watch?v=Lp6W4aK1sbs,ride,Ciara,rnb
https://www.youtube.com/watch?v=sQgd6MccwZc,say_my_name,Destinys_child,rnb
https://www.youtube.com/watch?v=AxFhwtwiw6o,last_night,Diddy,rnb
https://www.youtube.com/watch?v=6YNZlXfW6Ho,bood_up,Ella_mai,rnb
https://www.youtube.com/watch?v=ckKFxMw6z0c,low,Florida,rnb
https://www.youtube.com/watch?v=82t_UOMHPJY,bed,J_holiday,rnb
https://www.youtube.com/watch?v=Mo1HaVN1Pt0,Lets_get_married,Jagged_Edge,rnb
https://www.youtube.com/watch?v=6vwNcNOTVzY,gold_digger,Kanye_west,rnb
https://www.youtube.com/watch?v=x3bfa3DZ8JM,better,Khalid,rnb
https://www.youtube.com/watch?v=xYtsL9znopI,love_lies,Khalid,rnb
https://www.youtube.com/watch?v=IPfJnp1guPc,young_dumb_and_broke,Khalid,rnb
https://www.youtube.com/watch?v=0habxsuXW4g,we_belong_together,Mariah_carey,rnb
https://www.youtube.com/watch?v=8XNaPX6MKlU,be_without_you,Mary_j_blige,rnb
https://www.youtube.com/watch?v=FPoKiGQzbSQ,get_ur_freak_on,Missy_elliott,rnb
https://www.youtube.com/watch?v=cjIvu7e6Wq8,work_it,Missy_elliott,rnb
https://www.youtube.com/watch?v=6tpl9LtkRRw,one_in_a_million,Ne_yo,rnb
https://www.youtube.com/watch?v=k6M5C-oKw9k,miss_independent,Ne_yo,rnb
https://www.youtube.com/watch?v=IxszlJppRQI,so_sick,Ne_yo,rnb
https://www.youtube.com/watch?v=8WYHDfJDPDc,dilemma,Nelly,rnb
https://www.youtube.com/watch?v=0svu_lMdkRQ,body_on_me,Nelly,rnb
https://www.youtube.com/watch?v=CBE368HF9E4,karma,Queen_naija,rnb
https://www.youtube.com/watch?v=dBrRBZy8OTs,buy_you_a_drank,T_pain,rnb
https://www.youtube.com/watch?v=BuMBmK5uksg,hate_it_or_love_it,The_game,rnb
https://www.youtube.com/watch?v=4r3MZNCGzVY,heart_attack,Trey_Songs,rnb
https://www.youtube.com/watch?v=t5XNWFw5HVw,burn,Usher,rnb
https://www.youtube.com/watch?v=GxBSyx85Kp8,yeah,Usher,rnb
https://www.youtube.com/watch?v=jCgQoEL3O5s,peace_sign,Usher,rnb
https://www.youtube.com/watch?v=1lQtoRFaLsA,good_kisser,Usher,rnb
https://www.youtube.com/watch?v=cB5e0zHRzHc,love_in_this_club,Usher,rnb
https://www.youtube.com/watch?v=tLNOce4Y4uc,arms_around_you,XXXTENTACION,rnb
https://www.youtube.com/watch?v=qpfhcljJ9bQ,its_not_my_time,3_Doors_down,rock
https://www.youtube.com/watch?v=xPU8OAjjS4k,kryptonite,3_Doors_down,rock
https://www.youtube.com/watch?v=thc1MtNagC8,let_me_go,3_Doors_down,rock
https://www.youtube.com/watch?v=pFq1eT9tMJ4,when_i'm_gone,3_doors_down,rock
https://www.youtube.com/watch?v=3f2g4RMfhS0,let_there_be_rock,Ac/dc,rock
https://www.youtube.com/watch?v=xRQnJyP77tY,shoot_to_thrill,Ac/dc,rock
https://www.youtube.com/watch?v=v2AC41dglnM,thunderstruck,Ac/dc,rock
https://www.youtube.com/watch?v=NMNgbISmF4I,crazy,Aerosmith,rock
https://www.youtube.com/watch?v=qfNmyxV2Ncw,cryin,Aerosmith,rock
https://www.youtube.com/watch?v=7nqcL0mjMjw,Livin'_On_The_Edge_,Aerosmith,rock
https://www.youtube.com/watch?v=tT4d1LQy4es,black_velvet,Alannah_myles,rock
https://www.youtube.com/watch?v=N__yGuSz7PM,bed_of_nails,Alice_cooper,rock
https://www.youtube.com/watch?v=Qq4j1LtCdww,poison,Alice_cooper,rock
https://www.youtube.com/watch?v=sAYrAu-jnMY,addicted_to_pain,Alter_bridge,rock
https://www.youtube.com/watch?v=1xICZAQ7GBQ,broken_wings,Alter_bridge,rock
https://www.youtube.com/watch?v=8eYHvrgPqQ0,open_your_eyes,Alter_bridge,rock
https://www.youtube.com/watch?v=VQH8ZTgna3Q,r_u_mine,arctic_monkeys,rock
https://www.youtube.com/watch?v=7QU1nvuxaMA,like_a_stone,audioslave,rock
https://www.youtube.com/watch?v=2MRdtXWcgIw,adams_song,blink-182,rock
https://www.youtube.com/watch?v=9Ht5RZpzPqw,all_the_small_things,blink-182,rock
https://www.youtube.com/watch?v=vVy9Lgpg1m8,first_date,blink-182,rock
https://www.youtube.com/watch?v=s1tAYmMjLdY,i_miss_you,blink-182,rock
https://www.youtube.com/watch?v=SSbBvKaM6sk,song_2,blur,rock
https://www.youtube.com/watch?v=uCg2BoKiuOM,have_a_nice_day,Bon_jovi,rock
https://www.youtube.com/watch?v=vx2u5uUu3DE,its_my_life,Bon_jovi,rock
https://www.youtube.com/watch?v=lDK9QqIzhwk,livin_on_a_prayer,Bon_jovi,rock
https://www.youtube.com/watch?v=s86K-p089R8,runaway,Bon_jovi,rock
https://www.youtube.com/watch?v=oPr8ZqRHTQo,hero,Chad_kroeger,rock
https://www.youtube.com/watch?v=-oqAU5VxFWs,mr_jones,counting_crows,rock
https://www.youtube.com/watch?v=99j0zLuNhi8,with_arms_wide_open,Creed,rock
https://www.youtube.com/watch?v=g2WJ3mhjgHA,crawling_back_to_you,Daughtry,rock
https://www.youtube.com/watch?v=UQ92eyxnxmQ,its_not_over,Daughtry,rock
https://www.youtube.com/watch?v=1ClCpfeIELw,breakfast_at_tiffany's,deep_blue_something,rock
https://www.youtube.com/watch?v=gZ_kez7WVUU,perfect_strangers,deep_purple,rock
https://www.youtube.com/watch?v=14iHRpk9qvQ,pour_some_sugar_on_me,Def_leppard,rock
https://www.youtube.com/watch?v=Nntd2fgMUYw,save_tonight,eagle-eye_cherry,rock
https://www.youtube.com/watch?v=T8Xb_7YDroQ,inside_out,eve_6,rock
https://www.youtube.com/watch?v=MW6E_TNgCsY,santa_monica,everclear,rock
https://www.youtube.com/watch?v=eBG7P-K-r1Y,everlong,Foo_fighters,rock
https://www.youtube.com/watch?v=NdYWuo9OFAw,iris,Goo_goo_dolls,rock
https://www.youtube.com/watch?v=yP4qdefD2To,slide,Goo_goo_dolls,rock
https://www.youtube.com/watch?v=YgGLl8CanQo,i_dont_wanna_be_in_love,Good_charlotte,rock
https://www.youtube.com/watch?v=rISYCquFeI8,i_just_wanna_live,Good_charlotte,rock
https://www.youtube.com/watch?v=y-jC3H_8Dk4,lifestyles_of_the_rich_and_famous,Good_charlotte,rock
https://www.youtube.com/watch?v=desJKYvdq9A,the_anthem,Good_charlotte,rock
https://www.youtube.com/watch?v=NUTGr5t3MoY,basket_case,Green_day,rock
https://www.youtube.com/watch?v=Soa3gO7tL-c,boulevard_of_broken_dreams,Green_day,rock
https://www.youtube.com/watch?v=A1OqtIqzScI,holiday,Green_day,rock
https://www.youtube.com/watch?v=Rbm6GXllBiw,paradise_city,Guns_and_roses,rock
https://www.youtube.com/watch?v=1w7OgIMMRc4,sweet_child_o_mine,Guns_and_roses,rock
https://www.youtube.com/watch?v=o1tj2zJ2Wvg,welcome_to_the_jungle,Guns_and_roses,rock
https://www.youtube.com/watch?v=ErvgV4P6Fzc,patience,Guns_n'_roses,rock
https://www.youtube.com/watch?v=TEXBmw2jBcA,better_than_me,Hinder,rock
https://www.youtube.com/watch?v=SqgM240GoU4,born_to_be_wild,Hinder,rock
https://www.youtube.com/watch?v=-NNg4r4qYPw,without_you,Hinder,rock
https://www.youtube.com/watch?v=PQNBii8Kogw,cry_for_love,iggy_pop,rock
https://www.youtube.com/watch?v=T5qBiuIR7ig,little_know_it_all,iggy_pop,rock
https://www.youtube.com/watch?v=tuK6n2Lkza0,are_you_gonna_be_my_girl,Jet,rock
https://www.youtube.com/watch?v=gX7bUXQsHLY,put_your_money_where_your_mouth_is,Jet,rock
https://www.youtube.com/watch?v=IVA799gKNzo,shes_a_genius,Jet,rock
https://www.youtube.com/watch?v=bpNw7jYkbVc,i_hate_myself_for_loving_you,Joan_jett,rock
https://www.youtube.com/watch?v=JbSGMRZsN4Q,the_old_man_down_the_road,John_fogerty,rock
https://www.youtube.com/watch?v=qObzgUfCl28,ruby,kaiser_chiefs,rock
https://www.youtube.com/watch?v=RF0HhrwIwp0,sex_on_fire,Kings_of_leon,rock
https://www.youtube.com/watch?v=0xyxtzD54rM,given_up,linkin_park,rock
https://www.youtube.com/watch?v=51iquRYKPbs,the_catalyst,linkin_park,rock
https://www.youtube.com/watch?v=sc5iTNVEOAg,my_own_worst_enemy,lit,rock
https://www.youtube.com/watch?v=zQoJsvlmTx0,last_of_a_dyin'_breed,Lynyrd_skynyrd,rock
https://www.youtube.com/watch?v=Vw_6eUgpo30,still_unbroken,Lynyrd_skynyrd,rock
https://www.youtube.com/watch?v=iSf_cs4-E-I,burn_it_to_the_ground,Nickelback,rock
https://www.youtube.com/watch?v=1cQh1ccqu8M,how_you_remind_me,Nickelback,rock
https://www.youtube.com/watch?v=_JQiEs32SqQ,savin'_me,Nickelback,rock
https://www.youtube.com/watch?v=ZIANBamMgas,absolutely,nine_days,rock
https://www.youtube.com/watch?v=vabnZ9-ex7o,come_as_you_are,nirvana,rock
https://www.youtube.com/watch?v=qv96yJYhk3M,you_know_you're_right,nirvana,rock
https://www.youtube.com/watch?v=bx1Bh8ZvH84,wonderwall,oasis,rock
https://www.youtube.com/watch?v=qM0zINtulhM,alive,Pearl_jam,rock
https://www.youtube.com/watch?v=CxKWTzr-k6s,even_flow,Pearl_jam,rock
https://www.youtube.com/watch?v=-UE7tXDKIus,drive,r.e.m.,rock
https://www.youtube.com/watch?v=j7oQEPfe-O8,the_one_i_love,r.e.m.,rock
https://www.youtube.com/watch?v=I_2D8Eo15wE,black_betty,Ram_jam,rock
https://www.youtube.com/watch?v=YlUKcNNmywk,californication,red_hot_chili_peppers,rock
https://www.youtube.com/watch?v=BfOdWSiyWoc,cant_stop,red_hot_chili_peppers,rock
https://www.youtube.com/watch?v=GgnClrx8N2k,sympathy_for_the_devil,rolling_stones,rock
https://www.youtube.com/watch?v=LlVI7ZNiFlI,the_look,Roxette,rock
https://www.youtube.com/watch?v=FQSZWAStqcY,believe_in_love,Scorpions,rock
https://www.youtube.com/watch?v=0755SXCTCN0,humanity,Scorpions,rock
https://www.youtube.com/watch?v=MwyXnft6ZVk,under_the_same_sun,Scorpions,rock
https://www.youtube.com/watch?v=WbsDPbr8qoM,second_chance,shinedown,rock
https://www.youtube.com/watch?v=rgFQ6WmxdMs,simple_man,Shinedown,rock
https://www.youtube.com/watch?v=r0U0AlLVqpk,welcome_to_my_life,simple_plan,rock
https://www.youtube.com/watch?v=L_jWHffIx5E,all_star,Smash_mouth,rock
https://www.youtube.com/watch?v=LQj--Kjn0z8,walkin_on_the_sun,Smash_mouth,rock
https://www.youtube.com/watch?v=cXWbMu4PtpE,little_miss_cant_be_wrong,spin_doctors,rock
https://www.youtube.com/watch?v=wsdy_rct6uo,two_princes,spin_doctors,rock
https://www.youtube.com/watch?v=araU0fZj6oQ,its_been_awhile,Staind,rock
https://www.youtube.com/watch?v=X-iBGSLkfCU,motivation,sum_41,rock
https://www.youtube.com/watch?v=qO-mSLxih-c,still_waiting,sum_41,rock
https://www.youtube.com/watch?v=PHx-xqs3hO8,walking_disaster,sum_41,rock
https://www.youtube.com/watch?v=btPJPFnesV4,eye_of_the_tiger,Survivor,rock
https://www.youtube.com/watch?v=_ElORM9O-0U,shes_so_high,tal_bachman,rock
https://www.youtube.com/watch?v=0sB3Fjw3Uvc,house_of_the_rising_sun,the_animals,rock
https://www.youtube.com/watch?v=a_426RiwST8,lonely_boy,the_black_keys,rock
https://www.youtube.com/watch?v=mpaPBCBjSVc,tighten_up,the_black_keys,rock
https://www.youtube.com/watch?v=iAP9AF6DCu4,wherever_you_will_go,The_calling,rock
https://www.youtube.com/watch?v=AL8chWFuM-s,i_fought_the_law,the_clash,rock
https://www.youtube.com/watch?v=bJ9r8LMU9bQ,rock_the_casbah,the_clash,rock
https://www.youtube.com/watch?v=CU3mc0yvRNk,bohemian_like_you,the_dandy_warhols,rock
https://www.youtube.com/watch?v=YKy4riaOBMk,johnny_b,the_hooters,rock
https://www.youtube.com/watch?v=gGdGFtwCNBE,mr_brightside,the_killers,rock
https://www.youtube.com/watch?v=Y5fBdpreJiU,somebody_told_me,the_killers,rock
https://www.youtube.com/watch?v=3tUh-x-fp8Q,bad_habit,the_kooks,rock
https://www.youtube.com/watch?v=7iNbnineUCI,the_kids_aren't_alright,the_offspring,rock
https://www.youtube.com/watch?v=OMOGaugKpzs,every_breath_you_take,the_police,rock
https://www.youtube.com/watch?v=3T1c7GkzRQQ,roxanne,the_police,rock
https://www.youtube.com/watch?v=O4irXQhgMqg,paint_it_black,The_rolling_stones,rock
https://www.youtube.com/watch?v=qEuV82GqQnE,Ride_Em_On_Down,The_rolling_stones,rock
https://www.youtube.com/watch?v=nrIPxlFzDi0,satisfaction,The_rolling_stones,rock
https://www.youtube.com/watch?v=Hc3XIbUuTMc,body_talks,the_struts,rock
https://www.youtube.com/watch?v=y9uSyICrtow,up_in_the_air,Thirty_seconds_to_mars,rock
https://www.youtube.com/watch?v=4Kvd-uquuhI,a_beautiful_lie,Thirty_seconds_to_mars,rock
https://www.youtube.com/watch?v=RpG7FzXrNSs,from_yesterday,Thirty_seconds_to_mars,rock
https://www.youtube.com/watch?v=d8ekz_CSBVg,i_hate_everything_about_you,Three_days_grace,rock
https://www.youtube.com/watch?v=co6WMzDOh1o,beautiful_day,U2,rock
https://www.youtube.com/watch?v=e3-5YC_oHjE,i_still_haven't_found_what_I'm_looking_for,U2,rock
https://www.youtube.com/watch?v=Yi52HjJbwVQ,magnificent,U2,rock
https://www.youtube.com/watch?v=98W9QuMq-2k,vertigo,U2,rock
https://www.youtube.com/watch?v=WyF8RHM1OCg,here_i_go_again,Whitesnake,rock
https://www.youtube.com/watch?v=X9fLbfzCqWw,ocean_avenue,yellowcard,rock
